index,explainer_name,dataset,topk,charact,fid,fidinv,link,paper,year,method
0,basic_gnnexplainer,squirrel,10.0,0.422,0.326,0.402,https://arxiv.org/pdf/1903.03894.pdf,GNNExplainer: Generating Explanations for Graph Neural Networks,2019,GNNExplainer
1,distance,squirrel,10.0,0.468,0.348,0.286,https://arxiv.org/pdf/2002.05257.pdf,Shortest Path Distance Approximation using Deep learning Techniques,2020,Distance
2,gnnexplainer,squirrel,10.0,0.417,0.29,0.256,https://arxiv.org/pdf/1903.03894.pdf,GNNExplainer: Generating Explanations for Graph Neural Networks,2019,GNNExplainer
3,gradcam,squirrel,10.0,0.5,0.368,0.22,https://openaccess.thecvf.com/content_CVPR_2019/papers/Pope_Explainability_Methods_for_Graph_Convolutional_Neural_Networks_CVPR_2019_paper.pdf,Explainability Methods for Graph Convolutional Neural Networks,2019,Grad-CAM
4,ig,squirrel,10.0,0.515,0.44,0.38,https://arxiv.org/pdf/1703.01365.pdf,Axiomatic Attribution for Deep Networks,2017,Integrated Gradient
5,occlusion,squirrel,10.0,0.491,0.375,0.289,https://arxiv.org/pdf/1311.2901.pdf,Visualizing and understanding convolutional networks,2014,Occlusion
6,pagerank,squirrel,10.0,0.491,0.356,0.21,http://ilpubs.stanford.edu:8090/422/1/1999-66.pdf,The PageRank Citation Ranking: Bringing Order to the Web,1998,PageRank
7,pgexplainer,squirrel,10.0,0.42,0.308,0.342,https://arxiv.org/pdf/2011.04573.pdf,Parameterized Explainer for Graph Neural Network,2020,PGExplainer
8,pgmexplainer,squirrel,10.0,0.475,0.34,0.21,https://proceedings.neurips.cc/paper/2020/file/8fb134f258b1f7865a6ab2d935a897c9-Paper.pdf,PGM-Explainer: Probabilistic Graphical Model Explanations for Graph Neural Networks,2020,PGM-Explainer
9,sa,squirrel,10.0,0.588,0.48,0.24,https://arxiv.org/pdf/1905.13686.pdf,Explainability Techniques for Graph Convolutional Networks,2019,Saliency
